model,rmse,mae
"ARIMA(2, 1, 2)",1.8394231471192837,1.7205469156712327
"ARIMAX(2, 1, 2)",2.592419151522692,2.4581210781382143
RandomWalk,2.6058907626120225,2.4766666666666675
